filename,file_size,file_attributes,region_count,region_id,region_shape_attributes,region_attributes
frame_15090.jpg,115668,{},3,0,"{""name"":""rect"",""x"":476,""y"":138,""width"":153,""height"":337}","{""Region"":""vesicula""}"
frame_15090.jpg,115668,{},3,1,"{""name"":""rect"",""x"":338,""y"":277,""width"":132,""height"":169}","{""Region"":""surco""}"
frame_15090.jpg,115668,{},3,2,"{""name"":""rect"",""x"":638,""y"":234,""width"":120,""height"":148}","{""Region"":""segmento4""}"
frame_15103.jpg,128711,{},3,0,"{""name"":""rect"",""x"":454,""y"":145,""width"":143,""height"":323}","{""Region"":""vesicula""}"
frame_15103.jpg,128711,{},3,1,"{""name"":""rect"",""x"":370,""y"":305,""width"":166,""height"":134}","{""Region"":""surco""}"
frame_15103.jpg,128711,{},3,2,"{""name"":""rect"",""x"":605,""y"":212,""width"":73,""height"":113}","{""Region"":""segmento4""}"
frame_15119.jpg,129278,{},3,0,"{""name"":""rect"",""x"":431,""y"":68,""width"":154,""height"":225}","{""Region"":""vesicula""}"
frame_15119.jpg,129278,{},3,1,"{""name"":""rect"",""x"":370,""y"":286,""width"":130,""height"":97}","{""Region"":""surco""}"
frame_15119.jpg,129278,{},3,2,"{""name"":""rect"",""x"":596,""y"":172,""width"":96,""height"":140}","{""Region"":""segmento4""}"
frame_15133.jpg,132148,{},3,0,"{""name"":""rect"",""x"":440,""y"":120,""width"":171,""height"":180}","{""Region"":""vesicula""}"
frame_15133.jpg,132148,{},3,1,"{""name"":""rect"",""x"":410,""y"":297,""width"":146,""height"":104}","{""Region"":""surco""}"
frame_15133.jpg,132148,{},3,2,"{""name"":""rect"",""x"":599,""y"":168,""width"":96,""height"":132}","{""Region"":""segmento4""}"
frame_15172.jpg,140088,{},3,0,"{""name"":""rect"",""x"":446,""y"":22,""width"":111,""height"":315}","{""Region"":""vesicula""}"
frame_15172.jpg,140088,{},3,1,"{""name"":""rect"",""x"":403,""y"":311,""width"":111,""height"":83}","{""Region"":""surco""}"
frame_15172.jpg,140088,{},3,2,"{""name"":""rect"",""x"":627,""y"":237,""width"":112,""height"":94}","{""Region"":""segmento4""}"
frame_15191.jpg,139922,{},3,0,"{""name"":""rect"",""x"":345,""y"":46,""width"":173,""height"":284}","{""Region"":""vesicula""}"
frame_15191.jpg,139922,{},3,1,"{""name"":""rect"",""x"":367,""y"":331,""width"":144,""height"":108}","{""Region"":""surco""}"
frame_15191.jpg,139922,{},3,2,"{""name"":""rect"",""x"":553,""y"":192,""width"":103,""height"":150}","{""Region"":""segmento4""}"
frame_15203.jpg,134640,{},3,0,"{""name"":""rect"",""x"":354,""y"":85,""width"":144,""height"":217}","{""Region"":""vesicula""}"
frame_15203.jpg,134640,{},3,1,"{""name"":""rect"",""x"":342,""y"":300,""width"":137,""height"":91}","{""Region"":""surco""}"
frame_15203.jpg,134640,{},3,2,"{""name"":""rect"",""x"":542,""y"":214,""width"":92,""height"":105}","{""Region"":""segmento4""}"
frame_15215.jpg,125479,{},3,0,"{""name"":""rect"",""x"":328,""y"":49,""width"":229,""height"":276}","{""Region"":""vesicula""}"
frame_15215.jpg,125479,{},3,1,"{""name"":""rect"",""x"":341,""y"":291,""width"":96,""height"":89}","{""Region"":""surco""}"
frame_15215.jpg,125479,{},3,2,"{""name"":""rect"",""x"":546,""y"":192,""width"":89,""height"":139}","{""Region"":""segmento4""}"
frame_15252.jpg,113395,{},3,0,"{""name"":""rect"",""x"":308,""y"":41,""width"":170,""height"":275}","{""Region"":""vesicula""}"
frame_15252.jpg,113395,{},3,1,"{""name"":""rect"",""x"":339,""y"":330,""width"":128,""height"":70}","{""Region"":""surco""}"
frame_15252.jpg,113395,{},3,2,"{""name"":""rect"",""x"":492,""y"":188,""width"":90,""height"":137}","{""Region"":""segmento4""}"
frame_15272.jpg,129407,{},3,0,"{""name"":""rect"",""x"":295,""y"":12,""width"":228,""height"":293}","{""Region"":""vesicula""}"
frame_15272.jpg,129407,{},3,1,"{""name"":""rect"",""x"":350,""y"":314,""width"":119,""height"":55}","{""Region"":""surco""}"
frame_15272.jpg,129407,{},3,2,"{""name"":""rect"",""x"":542,""y"":170,""width"":96,""height"":165}","{""Region"":""segmento4""}"
frame_15293.jpg,102334,{},3,0,"{""name"":""rect"",""x"":285,""y"":43,""width"":198,""height"":276}","{""Region"":""vesicula""}"
frame_15293.jpg,102334,{},3,1,"{""name"":""rect"",""x"":310,""y"":343,""width"":126,""height"":105}","{""Region"":""surco""}"
frame_15293.jpg,102334,{},3,2,"{""name"":""rect"",""x"":498,""y"":196,""width"":56,""height"":88}","{""Region"":""segmento4""}"
frame_15304.jpg,107812,{},3,0,"{""name"":""rect"",""x"":271,""y"":38,""width"":216,""height"":302}","{""Region"":""vesicula""}"
frame_15304.jpg,107812,{},3,1,"{""name"":""rect"",""x"":286,""y"":348,""width"":170,""height"":76}","{""Region"":""surco""}"
frame_15304.jpg,107812,{},3,2,"{""name"":""rect"",""x"":497,""y"":174,""width"":57,""height"":96}","{""Region"":""segmento4""}"
frame_15360.jpg,127777,{},3,0,"{""name"":""rect"",""x"":314,""y"":29,""width"":261,""height"":304}","{""Region"":""vesicula""}"
frame_15360.jpg,127777,{},3,1,"{""name"":""rect"",""x"":331,""y"":343,""width"":175,""height"":101}","{""Region"":""surco""}"
frame_15360.jpg,127777,{},3,2,"{""name"":""rect"",""x"":535,""y"":179,""width"":79,""height"":97}","{""Region"":""segmento4""}"
frame_15372.jpg,127784,{},3,0,"{""name"":""rect"",""x"":304,""y"":16,""width"":242,""height"":317}","{""Region"":""vesicula""}"
frame_15372.jpg,127784,{},3,1,"{""name"":""rect"",""x"":326,""y"":339,""width"":184,""height"":91}","{""Region"":""surco""}"
frame_15372.jpg,127784,{},3,2,"{""name"":""rect"",""x"":559,""y"":188,""width"":74,""height"":95}","{""Region"":""segmento4""}"
frame_15383.jpg,130429,{},3,0,"{""name"":""rect"",""x"":303,""y"":38,""width"":216,""height"":295}","{""Region"":""vesicula""}"
frame_15383.jpg,130429,{},3,1,"{""name"":""rect"",""x"":333,""y"":339,""width"":175,""height"":89}","{""Region"":""surco""}"
frame_15383.jpg,130429,{},3,2,"{""name"":""rect"",""x"":531,""y"":188,""width"":94,""height"":87}","{""Region"":""segmento4""}"
frame_15396.jpg,115339,{},3,0,"{""name"":""rect"",""x"":302,""y"":64,""width"":185,""height"":296}","{""Region"":""vesicula""}"
frame_15396.jpg,115339,{},3,1,"{""name"":""rect"",""x"":311,""y"":372,""width"":150,""height"":76}","{""Region"":""surco""}"
frame_15396.jpg,115339,{},3,2,"{""name"":""rect"",""x"":476,""y"":191,""width"":81,""height"":84}","{""Region"":""segmento4""}"
frame_15403.jpg,112311,{},3,0,"{""name"":""rect"",""x"":294,""y"":70,""width"":176,""height"":300}","{""Region"":""vesicula""}"
frame_15403.jpg,112311,{},3,1,"{""name"":""rect"",""x"":318,""y"":376,""width"":132,""height"":63}","{""Region"":""surco""}"
frame_15403.jpg,112311,{},3,2,"{""name"":""rect"",""x"":483,""y"":216,""width"":91,""height"":118}","{""Region"":""segmento4""}"
frame_15413.jpg,114509,{},3,0,"{""name"":""rect"",""x"":286,""y"":68,""width"":227,""height"":294}","{""Region"":""vesicula""}"
frame_15413.jpg,114509,{},3,1,"{""name"":""rect"",""x"":310,""y"":384,""width"":176,""height"":64}","{""Region"":""surco""}"
frame_15413.jpg,114509,{},3,2,"{""name"":""rect"",""x"":483,""y"":189,""width"":93,""height"":118}","{""Region"":""segmento4""}"
frame_15427.jpg,121515,{},3,0,"{""name"":""rect"",""x"":312,""y"":65,""width"":195,""height"":291}","{""Region"":""vesicula""}"
frame_15427.jpg,121515,{},3,1,"{""name"":""rect"",""x"":323,""y"":362,""width"":177,""height"":74}","{""Region"":""surco""}"
frame_15427.jpg,121515,{},3,2,"{""name"":""rect"",""x"":515,""y"":204,""width"":95,""height"":120}","{""Region"":""segmento4""}"
frame_15440.jpg,129125,{},3,0,"{""name"":""rect"",""x"":320,""y"":67,""width"":216,""height"":283}","{""Region"":""vesicula""}"
frame_15440.jpg,129125,{},3,1,"{""name"":""rect"",""x"":319,""y"":351,""width"":189,""height"":80}","{""Region"":""surco""}"
frame_15440.jpg,129125,{},3,2,"{""name"":""rect"",""x"":544,""y"":196,""width"":86,""height"":115}","{""Region"":""segmento4""}"
frame_15459.jpg,123675,{},3,0,"{""name"":""rect"",""x"":301,""y"":37,""width"":207,""height"":292}","{""Region"":""vesicula""}"
frame_15459.jpg,123675,{},3,1,"{""name"":""rect"",""x"":326,""y"":336,""width"":186,""height"":106}","{""Region"":""surco""}"
frame_15459.jpg,123675,{},3,2,"{""name"":""rect"",""x"":510,""y"":167,""width"":118,""height"":121}","{""Region"":""segmento4""}"
frame_15471.jpg,98710,{},3,0,"{""name"":""rect"",""x"":226,""y"":95,""width"":240,""height"":268}","{""Region"":""vesicula""}"
frame_15471.jpg,98710,{},3,1,"{""name"":""rect"",""x"":274,""y"":370,""width"":169,""height"":92}","{""Region"":""surco""}"
frame_15471.jpg,98710,{},3,2,"{""name"":""rect"",""x"":462,""y"":244,""width"":89,""height"":116}","{""Region"":""segmento4""}"
frame_15476.jpg,100156,{},3,0,"{""name"":""rect"",""x"":220,""y"":99,""width"":186,""height"":272}","{""Region"":""vesicula""}"
frame_15476.jpg,100156,{},3,1,"{""name"":""rect"",""x"":260,""y"":380,""width"":157,""height"":94}","{""Region"":""surco""}"
frame_15476.jpg,100156,{},3,2,"{""name"":""rect"",""x"":414,""y"":233,""width"":117,""height"":139}","{""Region"":""segmento4""}"
frame_15482.jpg,100876,{},3,0,"{""name"":""rect"",""x"":221,""y"":97,""width"":201,""height"":259}","{""Region"":""vesicula""}"
frame_15482.jpg,100876,{},3,1,"{""name"":""rect"",""x"":284,""y"":376,""width"":120,""height"":72}","{""Region"":""surco""}"
frame_15482.jpg,100876,{},3,2,"{""name"":""rect"",""x"":426,""y"":236,""width"":109,""height"":135}","{""Region"":""segmento4""}"
frame_15494.jpg,101487,{},3,0,"{""name"":""rect"",""x"":223,""y"":82,""width"":212,""height"":286}","{""Region"":""vesicula""}"
frame_15494.jpg,101487,{},3,1,"{""name"":""rect"",""x"":270,""y"":378,""width"":168,""height"":74}","{""Region"":""surco""}"
frame_15494.jpg,101487,{},3,2,"{""name"":""rect"",""x"":448,""y"":228,""width"":120,""height"":131}","{""Region"":""segmento4""}"
frame_15549.jpg,108298,{},3,0,"{""name"":""rect"",""x"":218,""y"":89,""width"":234,""height"":255}","{""Region"":""vesicula""}"
frame_15549.jpg,108298,{},3,1,"{""name"":""rect"",""x"":302,""y"":374,""width"":133,""height"":82}","{""Region"":""surco""}"
frame_15549.jpg,108298,{},3,2,"{""name"":""rect"",""x"":458,""y"":221,""width"":136,""height"":150}","{""Region"":""segmento4""}"
frame_15565.jpg,111385,{},3,0,"{""name"":""rect"",""x"":251,""y"":116,""width"":224,""height"":234}","{""Region"":""vesicula""}"
frame_15565.jpg,111385,{},3,1,"{""name"":""rect"",""x"":296,""y"":371,""width"":170,""height"":76}","{""Region"":""surco""}"
frame_15565.jpg,111385,{},3,2,"{""name"":""rect"",""x"":491,""y"":227,""width"":109,""height"":125}","{""Region"":""segmento4""}"
frame_15589.jpg,118164,{},3,0,"{""name"":""rect"",""x"":292,""y"":68,""width"":216,""height"":277}","{""Region"":""vesicula""}"
frame_15589.jpg,118164,{},3,1,"{""name"":""rect"",""x"":323,""y"":367,""width"":175,""height"":89}","{""Region"":""surco""}"
frame_15589.jpg,118164,{},3,2,"{""name"":""rect"",""x"":535,""y"":248,""width"":87,""height"":100}","{""Region"":""segmento4""}"
frame_15639.jpg,119895,{},3,0,"{""name"":""rect"",""x"":282,""y"":51,""width"":283,""height"":331}","{""Region"":""vesicula""}"
frame_15639.jpg,119895,{},3,1,"{""name"":""rect"",""x"":322,""y"":400,""width"":212,""height"":66}","{""Region"":""surco""}"
frame_15639.jpg,119895,{},3,2,"{""name"":""rect"",""x"":576,""y"":256,""width"":90,""height"":152}","{""Region"":""segmento4""}"
frame_15656.jpg,132262,{},3,0,"{""name"":""rect"",""x"":302,""y"":33,""width"":268,""height"":354}","{""Region"":""vesicula""}"
frame_15656.jpg,132262,{},3,1,"{""name"":""rect"",""x"":375,""y"":396,""width"":200,""height"":66}","{""Region"":""surco""}"
frame_15656.jpg,132262,{},3,2,"{""name"":""rect"",""x"":597,""y"":223,""width"":121,""height"":145}","{""Region"":""segmento4""}"
frame_15661.jpg,129566,{},3,0,"{""name"":""rect"",""x"":334,""y"":16,""width"":245,""height"":363}","{""Region"":""vesicula""}"
frame_15661.jpg,129566,{},3,1,"{""name"":""rect"",""x"":369,""y"":392,""width"":225,""height"":74}","{""Region"":""surco""}"
frame_15661.jpg,129566,{},3,2,"{""name"":""rect"",""x"":615,""y"":231,""width"":91,""height"":132}","{""Region"":""segmento4""}"
frame_15669.jpg,129622,{},3,0,"{""name"":""rect"",""x"":367,""y"":63,""width"":257,""height"":312}","{""Region"":""vesicula""}"
frame_15669.jpg,129622,{},3,1,"{""name"":""rect"",""x"":398,""y"":378,""width"":190,""height"":87}","{""Region"":""surco""}"
frame_15669.jpg,129622,{},3,2,"{""name"":""rect"",""x"":642,""y"":272,""width"":65,""height"":83}","{""Region"":""segmento4""}"
frame_15692.jpg,134936,{},3,0,"{""name"":""rect"",""x"":290,""y"":55,""width"":273,""height"":313}","{""Region"":""vesicula""}"
frame_15692.jpg,134936,{},3,1,"{""name"":""rect"",""x"":381,""y"":375,""width"":220,""height"":77}","{""Region"":""surco""}"
frame_15692.jpg,134936,{},3,2,"{""name"":""rect"",""x"":597,""y"":187,""width"":136,""height"":173}","{""Region"":""segmento4""}"
frame_15747.jpg,127798,{},3,0,"{""name"":""rect"",""x"":294,""y"":27,""width"":266,""height"":367}","{""Region"":""vesicula""}"
frame_15747.jpg,127798,{},3,1,"{""name"":""rect"",""x"":358,""y"":402,""width"":197,""height"":74}","{""Region"":""surco""}"
frame_15747.jpg,127798,{},3,2,"{""name"":""rect"",""x"":621,""y"":270,""width"":115,""height"":130}","{""Region"":""segmento4""}"
frame_15778.jpg,129688,{},3,0,"{""name"":""rect"",""x"":318,""y"":24,""width"":277,""height"":319}","{""Region"":""vesicula""}"
frame_15778.jpg,129688,{},3,1,"{""name"":""rect"",""x"":405,""y"":360,""width"":164,""height"":108}","{""Region"":""surco""}"
frame_15778.jpg,129688,{},3,2,"{""name"":""rect"",""x"":659,""y"":208,""width"":93,""height"":159}","{""Region"":""segmento4""}"
frame_15791.jpg,135715,{},3,0,"{""name"":""rect"",""x"":297,""y"":12,""width"":379,""height"":350}","{""Region"":""vesicula""}"
frame_15791.jpg,135715,{},3,1,"{""name"":""rect"",""x"":407,""y"":368,""width"":241,""height"":108}","{""Region"":""surco""}"
frame_15791.jpg,135715,{},3,2,"{""name"":""rect"",""x"":698,""y"":262,""width"":60,""height"":94}","{""Region"":""segmento4""}"
frame_15882.jpg,130625,{},3,0,"{""name"":""rect"",""x"":318,""y"":114,""width"":380,""height"":238}","{""Region"":""vesicula""}"
frame_15882.jpg,130625,{},3,1,"{""name"":""rect"",""x"":456,""y"":356,""width"":135,""height"":97}","{""Region"":""surco""}"
frame_15882.jpg,130625,{},3,2,"{""name"":""rect"",""x"":711,""y"":256,""width"":46,""height"":80}","{""Region"":""segmento4""}"
frame_15897.jpg,137859,{},3,0,"{""name"":""rect"",""x"":300,""y"":72,""width"":384,""height"":233}","{""Region"":""vesicula""}"
frame_15897.jpg,137859,{},3,1,"{""name"":""rect"",""x"":462,""y"":309,""width"":118,""height"":104}","{""Region"":""surco""}"
frame_15897.jpg,137859,{},3,2,"{""name"":""rect"",""x"":692,""y"":162,""width"":52,""height"":80}","{""Region"":""segmento4""}"
frame_15912.jpg,133188,{},3,0,"{""name"":""rect"",""x"":291,""y"":59,""width"":406,""height"":261}","{""Region"":""vesicula""}"
frame_15912.jpg,133188,{},3,1,"{""name"":""rect"",""x"":436,""y"":324,""width"":200,""height"":111}","{""Region"":""surco""}"
frame_15912.jpg,133188,{},3,2,"{""name"":""rect"",""x"":702,""y"":200,""width"":49,""height"":63}","{""Region"":""segmento4""}"
frame_15916.jpg,133457,{},3,0,"{""name"":""rect"",""x"":339,""y"":77,""width"":342,""height"":244}","{""Region"":""vesicula""}"
frame_15916.jpg,133457,{},3,1,"{""name"":""rect"",""x"":457,""y"":332,""width"":152,""height"":95}","{""Region"":""surco""}"
frame_15916.jpg,133457,{},3,2,"{""name"":""rect"",""x"":690,""y"":182,""width"":63,""height"":80}","{""Region"":""segmento4""}"
frame_16036.jpg,130080,{},3,0,"{""name"":""rect"",""x"":312,""y"":87,""width"":327,""height"":260}","{""Region"":""vesicula""}"
frame_16036.jpg,130080,{},3,1,"{""name"":""rect"",""x"":409,""y"":363,""width"":199,""height"":89}","{""Region"":""surco""}"
frame_16036.jpg,130080,{},3,2,"{""name"":""rect"",""x"":664,""y"":231,""width"":66,""height"":86}","{""Region"":""segmento4""}"
frame_16056.jpg,126691,{},3,0,"{""name"":""rect"",""x"":310,""y"":103,""width"":290,""height"":246}","{""Region"":""vesicula""}"
frame_16056.jpg,126691,{},3,1,"{""name"":""rect"",""x"":437,""y"":362,""width"":113,""height"":107}","{""Region"":""surco""}"
frame_16056.jpg,126691,{},3,2,"{""name"":""rect"",""x"":644,""y"":269,""width"":98,""height"":117}","{""Region"":""segmento4""}"
frame_16069.jpg,130206,{},3,0,"{""name"":""rect"",""x"":260,""y"":19,""width"":318,""height"":335}","{""Region"":""vesicula""}"
frame_16069.jpg,130206,{},3,1,"{""name"":""rect"",""x"":431,""y"":371,""width"":113,""height"":81}","{""Region"":""surco""}"
frame_16069.jpg,130206,{},3,2,"{""name"":""rect"",""x"":639,""y"":268,""width"":83,""height"":100}","{""Region"":""segmento4""}"
frame_16150.jpg,125975,{},3,0,"{""name"":""rect"",""x"":299,""y"":76,""width"":298,""height"":269}","{""Region"":""vesicula""}"
frame_16150.jpg,125975,{},3,1,"{""name"":""rect"",""x"":430,""y"":355,""width"":142,""height"":110}","{""Region"":""surco""}"
frame_16150.jpg,125975,{},3,2,"{""name"":""rect"",""x"":639,""y"":233,""width"":103,""height"":133}","{""Region"":""segmento4""}"
frame_16162.jpg,129314,{},3,0,"{""name"":""rect"",""x"":337,""y"":54,""width"":289,""height"":306}","{""Region"":""vesicula""}"
frame_16162.jpg,129314,{},3,1,"{""name"":""rect"",""x"":440,""y"":364,""width"":135,""height"":92}","{""Region"":""surco""}"
frame_16162.jpg,129314,{},3,2,"{""name"":""rect"",""x"":673,""y"":234,""width"":88,""height"":114}","{""Region"":""segmento4""}"
frame_16168.jpg,129781,{},3,0,"{""name"":""rect"",""x"":359,""y"":77,""width"":300,""height"":250}","{""Region"":""vesicula""}"
frame_16168.jpg,129781,{},3,1,"{""name"":""rect"",""x"":460,""y"":330,""width"":131,""height"":114}","{""Region"":""surco""}"
frame_16168.jpg,129781,{},3,2,"{""name"":""rect"",""x"":710,""y"":212,""width"":56,""height"":107}","{""Region"":""segmento4""}"
frame_16201.jpg,133031,{},3,0,"{""name"":""rect"",""x"":344,""y"":78,""width"":394,""height"":195}","{""Region"":""vesicula""}"
frame_16201.jpg,133031,{},3,1,"{""name"":""rect"",""x"":495,""y"":276,""width"":97,""height"":151}","{""Region"":""surco""}"
frame_16201.jpg,133031,{},3,2,"{""name"":""rect"",""x"":655,""y"":31,""width"":85,""height"":114}","{""Region"":""segmento4""}"
frame_16206.jpg,134187,{},3,0,"{""name"":""rect"",""x"":272,""y"":44,""width"":437,""height"":202}","{""Region"":""vesicula""}"
frame_16206.jpg,134187,{},3,1,"{""name"":""rect"",""x"":489,""y"":256,""width"":112,""height"":153}","{""Region"":""surco""}"
frame_16206.jpg,134187,{},3,2,"{""name"":""rect"",""x"":663,""y"":45,""width"":86,""height"":116}","{""Region"":""segmento4""}"
frame_16228.jpg,131935,{},3,0,"{""name"":""rect"",""x"":333,""y"":68,""width"":378,""height"":228}","{""Region"":""vesicula""}"
frame_16228.jpg,131935,{},3,1,"{""name"":""rect"",""x"":493,""y"":284,""width"":107,""height"":128}","{""Region"":""surco""}"
frame_16228.jpg,131935,{},3,2,"{""name"":""rect"",""x"":712,""y"":153,""width"":62,""height"":123}","{""Region"":""segmento4""}"
frame_16268.jpg,125211,{},3,0,"{""name"":""rect"",""x"":330,""y"":92,""width"":371,""height"":250}","{""Region"":""vesicula""}"
frame_16268.jpg,125211,{},3,1,"{""name"":""rect"",""x"":446,""y"":347,""width"":156,""height"":99}","{""Region"":""surco""}"
frame_16268.jpg,125211,{},3,2,"{""name"":""rect"",""x"":682,""y"":195,""width"":80,""height"":130}","{""Region"":""segmento4""}"
frame_16269.jpg,120815,{},3,0,"{""name"":""rect"",""x"":352,""y"":91,""width"":362,""height"":276}","{""Region"":""vesicula""}"
frame_16269.jpg,120815,{},3,1,"{""name"":""rect"",""x"":411,""y"":324,""width"":191,""height"":117}","{""Region"":""surco""}"
frame_16269.jpg,120815,{},3,2,"{""name"":""rect"",""x"":694,""y"":202,""width"":66,""height"":127}","{""Region"":""segmento4""}"
frame_16276.jpg,98576,{},3,0,"{""name"":""rect"",""x"":398,""y"":97,""width"":255,""height"":252}","{""Region"":""vesicula""}"
frame_16276.jpg,98576,{},3,1,"{""name"":""rect"",""x"":450,""y"":350,""width"":161,""height"":93}","{""Region"":""surco""}"
frame_16276.jpg,98576,{},3,2,"{""name"":""rect"",""x"":714,""y"":196,""width"":49,""height"":118}","{""Region"":""segmento4""}"
frame_16281.jpg,109734,{},3,0,"{""name"":""rect"",""x"":355,""y"":75,""width"":357,""height"":243}","{""Region"":""vesicula""}"
frame_16281.jpg,109734,{},3,1,"{""name"":""rect"",""x"":502,""y"":318,""width"":108,""height"":114}","{""Region"":""surco""}"
frame_16281.jpg,109734,{},3,2,"{""name"":""rect"",""x"":718,""y"":124,""width"":46,""height"":139}","{""Region"":""segmento4""}"
frame_16289.jpg,127271,{},3,0,"{""name"":""rect"",""x"":354,""y"":76,""width"":369,""height"":229}","{""Region"":""vesicula""}"
frame_16289.jpg,127271,{},3,1,"{""name"":""rect"",""x"":473,""y"":299,""width"":144,""height"":124}","{""Region"":""surco""}"
frame_16289.jpg,127271,{},3,2,"{""name"":""rect"",""x"":706,""y"":137,""width"":57,""height"":137}","{""Region"":""segmento4""}"
frame_16298.jpg,127079,{},3,0,"{""name"":""rect"",""x"":338,""y"":94,""width"":389,""height"":204}","{""Region"":""vesicula""}"
frame_16298.jpg,127079,{},3,1,"{""name"":""rect"",""x"":502,""y"":285,""width"":127,""height"":135}","{""Region"":""surco""}"
frame_16298.jpg,127079,{},3,2,"{""name"":""rect"",""x"":717,""y"":136,""width"":49,""height"":107}","{""Region"":""segmento4""}"
frame_16309.jpg,130482,{},3,0,"{""name"":""rect"",""x"":279,""y"":74,""width"":410,""height"":215}","{""Region"":""vesicula""}"
frame_16309.jpg,130482,{},3,1,"{""name"":""rect"",""x"":492,""y"":272,""width"":108,""height"":145}","{""Region"":""surco""}"
frame_16309.jpg,130482,{},3,2,"{""name"":""rect"",""x"":706,""y"":121,""width"":57,""height"":129}","{""Region"":""segmento4""}"
frame_16313.jpg,129382,{},3,0,"{""name"":""rect"",""x"":362,""y"":80,""width"":362,""height"":184}","{""Region"":""vesicula""}"
frame_16313.jpg,129382,{},3,1,"{""name"":""rect"",""x"":474,""y"":270,""width"":124,""height"":136}","{""Region"":""surco""}"
frame_16313.jpg,129382,{},3,2,"{""name"":""rect"",""x"":718,""y"":131,""width"":41,""height"":122}","{""Region"":""segmento4""}"
frame_16360.jpg,124450,{},3,0,"{""name"":""rect"",""x"":334,""y"":92,""width"":352,""height"":223}","{""Region"":""vesicula""}"
frame_16360.jpg,124450,{},3,1,"{""name"":""rect"",""x"":465,""y"":313,""width"":100,""height"":122}","{""Region"":""surco""}"
frame_16360.jpg,124450,{},3,2,"{""name"":""rect"",""x"":696,""y"":196,""width"":68,""height"":120}","{""Region"":""segmento4""}"
frame_16363.jpg,128869,{},3,0,"{""name"":""rect"",""x"":353,""y"":92,""width"":339,""height"":249}","{""Region"":""vesicula""}"
frame_16363.jpg,128869,{},3,1,"{""name"":""rect"",""x"":444,""y"":336,""width"":123,""height"":103}","{""Region"":""surco""}"
frame_16363.jpg,128869,{},3,2,"{""name"":""rect"",""x"":708,""y"":176,""width"":50,""height"":147}","{""Region"":""segmento4""}"
frame_16367.jpg,129192,{},3,0,"{""name"":""rect"",""x"":321,""y"":82,""width"":324,""height"":230}","{""Region"":""vesicula""}"
frame_16367.jpg,129192,{},3,1,"{""name"":""rect"",""x"":457,""y"":325,""width"":103,""height"":129}","{""Region"":""surco""}"
frame_16367.jpg,129192,{},3,2,"{""name"":""rect"",""x"":695,""y"":204,""width"":61,""height"":126}","{""Region"":""segmento4""}"
frame_16381.jpg,129198,{},3,0,"{""name"":""rect"",""x"":295,""y"":66,""width"":319,""height"":226}","{""Region"":""vesicula""}"
frame_16381.jpg,129198,{},3,1,"{""name"":""rect"",""x"":407,""y"":331,""width"":154,""height"":105}","{""Region"":""surco""}"
frame_16381.jpg,129198,{},3,2,"{""name"":""rect"",""x"":687,""y"":164,""width"":72,""height"":142}","{""Region"":""segmento4""}"
frame_16391.jpg,129312,{},3,0,"{""name"":""rect"",""x"":311,""y"":81,""width"":309,""height"":203}","{""Region"":""vesicula""}"
frame_16391.jpg,129312,{},3,1,"{""name"":""rect"",""x"":446,""y"":290,""width"":139,""height"":146}","{""Region"":""surco""}"
frame_16391.jpg,129312,{},3,2,"{""name"":""rect"",""x"":695,""y"":207,""width"":70,""height"":108}","{""Region"":""segmento4""}"
frame_16440.jpg,125547,{},3,0,"{""name"":""rect"",""x"":327,""y"":96,""width"":349,""height"":228}","{""Region"":""vesicula""}"
frame_16440.jpg,125547,{},3,1,"{""name"":""rect"",""x"":509,""y"":316,""width"":78,""height"":117}","{""Region"":""surco""}"
frame_16440.jpg,125547,{},3,2,"{""name"":""rect"",""x"":698,""y"":161,""width"":65,""height"":127}","{""Region"":""segmento4""}"
frame_16446.jpg,126577,{},3,0,"{""name"":""rect"",""x"":326,""y"":73,""width"":349,""height"":245}","{""Region"":""vesicula""}"
frame_16446.jpg,126577,{},3,1,"{""name"":""rect"",""x"":483,""y"":324,""width"":123,""height"":112}","{""Region"":""surco""}"
frame_16446.jpg,126577,{},3,2,"{""name"":""rect"",""x"":686,""y"":175,""width"":83,""height"":115}","{""Region"":""segmento4""}"
frame_16465.jpg,121928,{},3,0,"{""name"":""rect"",""x"":329,""y"":131,""width"":351,""height"":189}","{""Region"":""vesicula""}"
frame_16465.jpg,121928,{},3,1,"{""name"":""rect"",""x"":416,""y"":336,""width"":162,""height"":96}","{""Region"":""surco""}"
frame_16465.jpg,121928,{},3,2,"{""name"":""rect"",""x"":691,""y"":180,""width"":77,""height"":148}","{""Region"":""segmento4""}"
frame_16470.jpg,124285,{},3,0,"{""name"":""rect"",""x"":326,""y"":90,""width"":281,""height"":223}","{""Region"":""vesicula""}"
frame_16470.jpg,124285,{},3,1,"{""name"":""rect"",""x"":454,""y"":338,""width"":116,""height"":117}","{""Region"":""surco""}"
frame_16470.jpg,124285,{},3,2,"{""name"":""rect"",""x"":684,""y"":184,""width"":73,""height"":139}","{""Region"":""segmento4""}"
frame_16484.jpg,123128,{},3,0,"{""name"":""rect"",""x"":314,""y"":103,""width"":318,""height"":225}","{""Region"":""vesicula""}"
frame_16484.jpg,123128,{},3,1,"{""name"":""rect"",""x"":466,""y"":335,""width"":92,""height"":119}","{""Region"":""surco""}"
frame_16484.jpg,123128,{},3,2,"{""name"":""rect"",""x"":662,""y"":180,""width"":96,""height"":155}","{""Region"":""segmento4""}"
frame_17154.jpg,106114,{},3,0,"{""name"":""rect"",""x"":258,""y"":97,""width"":269,""height"":194}","{""Region"":""vesicula""}"
frame_17154.jpg,106114,{},3,1,"{""name"":""rect"",""x"":406,""y"":304,""width"":143,""height"":67}","{""Region"":""surco""}"
frame_17154.jpg,106114,{},3,2,"{""name"":""rect"",""x"":539,""y"":193,""width"":223,""height"":69}","{""Region"":""segmento4""}"
frame_17166.jpg,107829,{},3,0,"{""name"":""rect"",""x"":219,""y"":75,""width"":297,""height"":217}","{""Region"":""vesicula""}"
frame_17166.jpg,107829,{},3,1,"{""name"":""rect"",""x"":414,""y"":294,""width"":177,""height"":68}","{""Region"":""surco""}"
frame_17166.jpg,107829,{},3,2,"{""name"":""rect"",""x"":490,""y"":102,""width"":152,""height"":92}","{""Region"":""segmento4""}"
frame_17177.jpg,107660,{},3,0,"{""name"":""rect"",""x"":288,""y"":67,""width"":233,""height"":217}","{""Region"":""vesicula""}"
frame_17177.jpg,107660,{},3,1,"{""name"":""rect"",""x"":415,""y"":285,""width"":208,""height"":79}","{""Region"":""surco""}"
frame_17177.jpg,107660,{},3,2,"{""name"":""rect"",""x"":480,""y"":61,""width"":135,""height"":107}","{""Region"":""segmento4""}"
frame_17270.jpg,92422,{},3,0,"{""name"":""rect"",""x"":230,""y"":97,""width"":253,""height"":235}","{""Region"":""vesicula""}"
frame_17270.jpg,92422,{},3,1,"{""name"":""rect"",""x"":395,""y"":345,""width"":100,""height"":43}","{""Region"":""surco""}"
frame_17270.jpg,92422,{},3,2,"{""name"":""rect"",""x"":501,""y"":217,""width"":225,""height"":81}","{""Region"":""segmento4""}"
frame_17273.jpg,99691,{},3,0,"{""name"":""rect"",""x"":246,""y"":42,""width"":240,""height"":251}","{""Region"":""vesicula""}"
frame_17273.jpg,99691,{},3,1,"{""name"":""rect"",""x"":414,""y"":327,""width"":94,""height"":54}","{""Region"":""surco""}"
frame_17273.jpg,99691,{},3,2,"{""name"":""rect"",""x"":502,""y"":192,""width"":216,""height"":96}","{""Region"":""segmento4""}"
frame_17436.jpg,118259,{},3,0,"{""name"":""rect"",""x"":224,""y"":28,""width"":248,""height"":326}","{""Region"":""vesicula""}"
frame_17436.jpg,118259,{},3,1,"{""name"":""rect"",""x"":392,""y"":363,""width"":131,""height"":45}","{""Region"":""surco""}"
frame_17436.jpg,118259,{},3,2,"{""name"":""rect"",""x"":482,""y"":154,""width"":189,""height"":124}","{""Region"":""segmento4""}"
frame_17447.jpg,113146,{},3,0,"{""name"":""rect"",""x"":237,""y"":56,""width"":236,""height"":300}","{""Region"":""vesicula""}"
frame_17447.jpg,113146,{},3,1,"{""name"":""rect"",""x"":414,""y"":376,""width"":104,""height"":34}","{""Region"":""surco""}"
frame_17447.jpg,113146,{},3,2,"{""name"":""rect"",""x"":490,""y"":215,""width"":177,""height"":66}","{""Region"":""segmento4""}"
frame_18563.jpg,114811,{},3,0,"{""name"":""rect"",""x"":397,""y"":16,""width"":209,""height"":347}","{""Region"":""vesicula""}"
frame_18563.jpg,114811,{},3,1,"{""name"":""rect"",""x"":485,""y"":376,""width"":125,""height"":60}","{""Region"":""surco""}"
frame_18563.jpg,114811,{},3,2,"{""name"":""rect"",""x"":617,""y"":159,""width"":135,""height"":185}","{""Region"":""segmento4""}"
frame_18569.jpg,118609,{},3,0,"{""name"":""rect"",""x"":385,""y"":17,""width"":221,""height"":295}","{""Region"":""vesicula""}"
frame_18569.jpg,118609,{},3,1,"{""name"":""rect"",""x"":491,""y"":345,""width"":92,""height"":53}","{""Region"":""surco""}"
frame_18569.jpg,118609,{},3,2,"{""name"":""rect"",""x"":615,""y"":152,""width"":141,""height"":183}","{""Region"":""segmento4""}"
frame_19464.jpg,123898,{},3,0,"{""name"":""rect"",""x"":258,""y"":25,""width"":343,""height"":195}","{""Region"":""vesicula""}"
frame_19464.jpg,123898,{},3,1,"{""name"":""rect"",""x"":442,""y"":208,""width"":88,""height"":113}","{""Region"":""surco""}"
frame_19464.jpg,123898,{},3,2,"{""name"":""rect"",""x"":558,""y"":92,""width"":117,""height"":91}","{""Region"":""segmento4""}"
frame_19486.jpg,124591,{},3,0,"{""name"":""rect"",""x"":250,""y"":89,""width"":332,""height"":163}","{""Region"":""vesicula""}"
frame_19486.jpg,124591,{},3,1,"{""name"":""rect"",""x"":426,""y"":243,""width"":62,""height"":87}","{""Region"":""surco""}"
frame_19486.jpg,124591,{},3,2,"{""name"":""rect"",""x"":523,""y"":117,""width"":134,""height"":89}","{""Region"":""segmento4""}"
frame_19499.jpg,119289,{},3,0,"{""name"":""rect"",""x"":258,""y"":54,""width"":313,""height"":166}","{""Region"":""vesicula""}"
frame_19499.jpg,119289,{},3,1,"{""name"":""rect"",""x"":439,""y"":226,""width"":78,""height"":102}","{""Region"":""surco""}"
frame_19499.jpg,119289,{},3,2,"{""name"":""rect"",""x"":517,""y"":63,""width"":142,""height"":113}","{""Region"":""segmento4""}"
frame_19554.jpg,126561,{},3,0,"{""name"":""rect"",""x"":287,""y"":35,""width"":309,""height"":219}","{""Region"":""vesicula""}"
frame_19554.jpg,126561,{},3,1,"{""name"":""rect"",""x"":451,""y"":256,""width"":82,""height"":89}","{""Region"":""surco""}"
frame_19554.jpg,126561,{},3,2,"{""name"":""rect"",""x"":592,""y"":126,""width"":97,""height"":98}","{""Region"":""segmento4""}"
frame_19575.jpg,94371,{},3,0,"{""name"":""rect"",""x"":278,""y"":65,""width"":221,""height"":270}","{""Region"":""vesicula""}"
frame_19575.jpg,94371,{},3,1,"{""name"":""rect"",""x"":387,""y"":329,""width"":111,""height"":98}","{""Region"":""surco""}"
frame_19575.jpg,94371,{},3,2,"{""name"":""rect"",""x"":480,""y"":104,""width"":104,""height"":172}","{""Region"":""segmento4""}"
frame_19598.jpg,124424,{},3,0,"{""name"":""rect"",""x"":349,""y"":46,""width"":255,""height"":233}","{""Region"":""vesicula""}"
frame_19598.jpg,124424,{},3,1,"{""name"":""rect"",""x"":499,""y"":275,""width"":103,""height"":82}","{""Region"":""surco""}"
frame_19598.jpg,124424,{},3,2,"{""name"":""rect"",""x"":590,""y"":145,""width"":72,""height"":87}","{""Region"":""segmento4""}"
frame_19617.jpg,136111,{},3,0,"{""name"":""rect"",""x"":391,""y"":92,""width"":231,""height"":156}","{""Region"":""vesicula""}"
frame_19617.jpg,136111,{},3,1,"{""name"":""rect"",""x"":550,""y"":255,""width"":85,""height"":81}","{""Region"":""surco""}"
frame_19617.jpg,136111,{},3,2,"{""name"":""rect"",""x"":614,""y"":126,""width"":68,""height"":87}","{""Region"":""segmento4""}"
frame_19621.jpg,131421,{},3,0,"{""name"":""rect"",""x"":415,""y"":80,""width"":197,""height"":185}","{""Region"":""vesicula""}"
frame_19621.jpg,131421,{},3,1,"{""name"":""rect"",""x"":524,""y"":268,""width"":95,""height"":75}","{""Region"":""surco""}"
frame_19621.jpg,131421,{},3,2,"{""name"":""rect"",""x"":586,""y"":126,""width"":79,""height"":106}","{""Region"":""segmento4""}"
frame_19625.jpg,129643,{},3,0,"{""name"":""rect"",""x"":394,""y"":95,""width"":225,""height"":201}","{""Region"":""vesicula""}"
frame_19625.jpg,129643,{},3,1,"{""name"":""rect"",""x"":515,""y"":295,""width"":106,""height"":74}","{""Region"":""surco""}"
frame_19625.jpg,129643,{},3,2,"{""name"":""rect"",""x"":597,""y"":167,""width"":65,""height"":85}","{""Region"":""segmento4""}"
frame_19636.jpg,128257,{},3,0,"{""name"":""rect"",""x"":434,""y"":124,""width"":199,""height"":166}","{""Region"":""vesicula""}"
frame_19636.jpg,128257,{},3,1,"{""name"":""rect"",""x"":535,""y"":288,""width"":85,""height"":68}","{""Region"":""surco""}"
frame_19636.jpg,128257,{},3,2,"{""name"":""rect"",""x"":590,""y"":140,""width"":63,""height"":112}","{""Region"":""segmento4""}"
frame_19648.jpg,131301,{},3,0,"{""name"":""rect"",""x"":354,""y"":82,""width"":262,""height"":191}","{""Region"":""vesicula""}"
frame_19648.jpg,131301,{},3,1,"{""name"":""rect"",""x"":523,""y"":284,""width"":104,""height"":66}","{""Region"":""surco""}"
frame_19648.jpg,131301,{},3,2,"{""name"":""rect"",""x"":570,""y"":139,""width"":86,""height"":92}","{""Region"":""segmento4""}"
frame_19672.jpg,129557,{},3,0,"{""name"":""rect"",""x"":387,""y"":83,""width"":194,""height"":180}","{""Region"":""vesicula""}"
frame_19672.jpg,129557,{},3,1,"{""name"":""rect"",""x"":509,""y"":273,""width"":96,""height"":75}","{""Region"":""surco""}"
frame_19672.jpg,129557,{},3,2,"{""name"":""rect"",""x"":582,""y"":120,""width"":56,""height"":108}","{""Region"":""segmento4""}"
frame_19698.jpg,123944,{},3,0,"{""name"":""rect"",""x"":381,""y"":81,""width"":209,""height"":207}","{""Region"":""vesicula""}"
frame_19698.jpg,123944,{},3,1,"{""name"":""rect"",""x"":514,""y"":297,""width"":100,""height"":64}","{""Region"":""surco""}"
frame_19698.jpg,123944,{},3,2,"{""name"":""rect"",""x"":574,""y"":154,""width"":64,""height"":66}","{""Region"":""segmento4""}"
frame_19705.jpg,132421,{},3,0,"{""name"":""rect"",""x"":366,""y"":123,""width"":266,""height"":157}","{""Region"":""vesicula""}"
frame_19705.jpg,132421,{},3,1,"{""name"":""rect"",""x"":525,""y"":284,""width"":101,""height"":69}","{""Region"":""surco""}"
frame_19705.jpg,132421,{},3,2,"{""name"":""rect"",""x"":564,""y"":130,""width"":85,""height"":74}","{""Region"":""segmento4""}"
frame_19751.jpg,123552,{},3,0,"{""name"":""rect"",""x"":402,""y"":172,""width"":194,""height"":157}","{""Region"":""vesicula""}"
frame_19751.jpg,123552,{},3,1,"{""name"":""rect"",""x"":517,""y"":316,""width"":82,""height"":48}","{""Region"":""surco""}"
frame_19751.jpg,123552,{},3,2,"{""name"":""rect"",""x"":550,""y"":190,""width"":88,""height"":78}","{""Region"":""segmento4""}"
frame_19933.jpg,104183,{},3,0,"{""name"":""rect"",""x"":392,""y"":22,""width"":331,""height"":194}","{""Region"":""vesicula""}"
frame_19933.jpg,104183,{},3,1,"{""name"":""rect"",""x"":514,""y"":236,""width"":120,""height"":101}","{""Region"":""surco""}"
frame_19933.jpg,104183,{},3,2,"{""name"":""rect"",""x"":645,""y"":28,""width"":85,""height"":98}","{""Region"":""segmento4""}"
frame_19940.jpg,110150,{},3,0,"{""name"":""rect"",""x"":323,""y"":21,""width"":400,""height"":169}","{""Region"":""vesicula""}"
frame_19940.jpg,110150,{},3,1,"{""name"":""rect"",""x"":519,""y"":190,""width"":71,""height"":131}","{""Region"":""surco""}"
frame_19940.jpg,110150,{},3,2,"{""name"":""rect"",""x"":647,""y"":6,""width"":74,""height"":98}","{""Region"":""segmento4""}"
frame_19956.jpg,111744,{},3,0,"{""name"":""rect"",""x"":377,""y"":20,""width"":321,""height"":144}","{""Region"":""vesicula""}"
frame_19956.jpg,111744,{},3,1,"{""name"":""rect"",""x"":494,""y"":168,""width"":120,""height"":131}","{""Region"":""surco""}"
frame_19956.jpg,111744,{},3,2,"{""name"":""rect"",""x"":607,""y"":6,""width"":90,""height"":79}","{""Region"":""segmento4""}"
frame_20021.jpg,120423,{},3,0,"{""name"":""rect"",""x"":249,""y"":96,""width"":373,""height"":139}","{""Region"":""vesicula""}"
frame_20021.jpg,120423,{},3,1,"{""name"":""rect"",""x"":434,""y"":230,""width"":97,""height"":95}","{""Region"":""surco""}"
frame_20021.jpg,120423,{},3,2,"{""name"":""rect"",""x"":446,""y"":54,""width"":185,""height"":78}","{""Region"":""segmento4""}"
frame_20023.jpg,117775,{},3,0,"{""name"":""rect"",""x"":242,""y"":120,""width"":388,""height"":98}","{""Region"":""vesicula""}"
frame_20023.jpg,117775,{},3,1,"{""name"":""rect"",""x"":432,""y"":224,""width"":117,""height"":88}","{""Region"":""surco""}"
frame_20023.jpg,117775,{},3,2,"{""name"":""rect"",""x"":454,""y"":4,""width"":240,""height"":144}","{""Region"":""segmento4""}"
frame_20036.jpg,108275,{},3,0,"{""name"":""rect"",""x"":158,""y"":74,""width"":438,""height"":136}","{""Region"":""vesicula""}"
frame_20036.jpg,108275,{},3,1,"{""name"":""rect"",""x"":440,""y"":214,""width"":102,""height"":93}","{""Region"":""surco""}"
frame_20036.jpg,108275,{},3,2,"{""name"":""rect"",""x"":456,""y"":24,""width"":227,""height"":79}","{""Region"":""segmento4""}"
frame_20057.jpg,122342,{},3,0,"{""name"":""rect"",""x"":164,""y"":116,""width"":390,""height"":95}","{""Region"":""vesicula""}"
frame_20057.jpg,122342,{},3,1,"{""name"":""rect"",""x"":394,""y"":221,""width"":93,""height"":89}","{""Region"":""surco""}"
frame_20057.jpg,122342,{},3,2,"{""name"":""rect"",""x"":420,""y"":58,""width"":249,""height"":82}","{""Region"":""segmento4""}"
frame_20085.jpg,120280,{},3,0,"{""name"":""rect"",""x"":156,""y"":59,""width"":420,""height"":124}","{""Region"":""vesicula""}"
frame_20085.jpg,120280,{},3,1,"{""name"":""rect"",""x"":412,""y"":188,""width"":85,""height"":98}","{""Region"":""surco""}"
frame_20085.jpg,120280,{},3,2,"{""name"":""rect"",""x"":409,""y"":25,""width"":272,""height"":67}","{""Region"":""segmento4""}"
frame_20099.jpg,102966,{},3,0,"{""name"":""rect"",""x"":138,""y"":76,""width"":505,""height"":136}","{""Region"":""vesicula""}"
frame_20099.jpg,102966,{},3,1,"{""name"":""rect"",""x"":436,""y"":216,""width"":97,""height"":109}","{""Region"":""surco""}"
frame_20099.jpg,102966,{},3,2,"{""name"":""rect"",""x"":445,""y"":41,""width"":286,""height"":98}","{""Region"":""segmento4""}"
frame_20108.jpg,109414,{},3,0,"{""name"":""rect"",""x"":106,""y"":152,""width"":463,""height"":136}","{""Region"":""vesicula""}"
frame_20108.jpg,109414,{},3,1,"{""name"":""rect"",""x"":443,""y"":288,""width"":64,""height"":97}","{""Region"":""surco""}"
frame_20108.jpg,109414,{},3,2,"{""name"":""rect"",""x"":421,""y"":119,""width"":237,""height"":103}","{""Region"":""segmento4""}"
frame_20120.jpg,124046,{},3,0,"{""name"":""rect"",""x"":166,""y"":134,""width"":448,""height"":110}","{""Region"":""vesicula""}"
frame_20120.jpg,124046,{},3,1,"{""name"":""rect"",""x"":398,""y"":251,""width"":115,""height"":84}","{""Region"":""surco""}"
frame_20120.jpg,124046,{},3,2,"{""name"":""rect"",""x"":412,""y"":57,""width"":273,""height"":108}","{""Region"":""segmento4""}"
frame_20158.jpg,127624,{},3,0,"{""name"":""rect"",""x"":192,""y"":73,""width"":371,""height"":142}","{""Region"":""vesicula""}"
frame_20158.jpg,127624,{},3,1,"{""name"":""rect"",""x"":378,""y"":213,""width"":128,""height"":108}","{""Region"":""surco""}"
frame_20158.jpg,127624,{},3,2,"{""name"":""rect"",""x"":403,""y"":49,""width"":328,""height"":103}","{""Region"":""segmento4""}"
frame_20169.jpg,111299,{},3,0,"{""name"":""rect"",""x"":154,""y"":70,""width"":385,""height"":135}","{""Region"":""vesicula""}"
frame_20169.jpg,111299,{},3,1,"{""name"":""rect"",""x"":365,""y"":227,""width"":101,""height"":93}","{""Region"":""surco""}"
frame_20169.jpg,111299,{},3,2,"{""name"":""rect"",""x"":403,""y"":62,""width"":259,""height"":74}","{""Region"":""segmento4""}"
frame_20190.jpg,122781,{},3,0,"{""name"":""rect"",""x"":103,""y"":108,""width"":417,""height"":118}","{""Region"":""vesicula""}"
frame_20190.jpg,122781,{},3,1,"{""name"":""rect"",""x"":364,""y"":232,""width"":92,""height"":108}","{""Region"":""surco""}"
frame_20190.jpg,122781,{},3,2,"{""name"":""rect"",""x"":376,""y"":84,""width"":250,""height"":76}","{""Region"":""segmento4""}"
frame_20192.jpg,122223,{},3,0,"{""name"":""rect"",""x"":129,""y"":88,""width"":436,""height"":149}","{""Region"":""vesicula""}"
frame_20192.jpg,122223,{},3,1,"{""name"":""rect"",""x"":354,""y"":244,""width"":118,""height"":89}","{""Region"":""surco""}"
frame_20192.jpg,122223,{},3,2,"{""name"":""rect"",""x"":362,""y"":84,""width"":298,""height"":81}","{""Region"":""segmento4""}"
frame_20257.jpg,123836,{},3,0,"{""name"":""rect"",""x"":125,""y"":72,""width"":425,""height"":151}","{""Region"":""vesicula""}"
frame_20257.jpg,123836,{},3,1,"{""name"":""rect"",""x"":398,""y"":224,""width"":116,""height"":86}","{""Region"":""surco""}"
frame_20257.jpg,123836,{},3,2,"{""name"":""rect"",""x"":379,""y"":54,""width"":260,""height"":94}","{""Region"":""segmento4""}"
frame_20264.jpg,114419,{},3,0,"{""name"":""rect"",""x"":133,""y"":81,""width"":415,""height"":163}","{""Region"":""vesicula""}"
frame_20264.jpg,114419,{},3,1,"{""name"":""rect"",""x"":397,""y"":252,""width"":129,""height"":89}","{""Region"":""surco""}"
frame_20264.jpg,114419,{},3,2,"{""name"":""rect"",""x"":393,""y"":93,""width"":300,""height"":75}","{""Region"":""segmento4""}"
frame_20275.jpg,113982,{},3,0,"{""name"":""rect"",""x"":144,""y"":67,""width"":321,""height"":163}","{""Region"":""vesicula""}"
frame_20275.jpg,113982,{},3,1,"{""name"":""rect"",""x"":407,""y"":242,""width"":93,""height"":84}","{""Region"":""surco""}"
frame_20275.jpg,113982,{},3,2,"{""name"":""rect"",""x"":413,""y"":71,""width"":233,""height"":74}","{""Region"":""segmento4""}"
frame_20291.jpg,104304,{},3,0,"{""name"":""rect"",""x"":138,""y"":80,""width"":411,""height"":128}","{""Region"":""vesicula""}"
frame_20291.jpg,104304,{},3,1,"{""name"":""rect"",""x"":405,""y"":220,""width"":74,""height"":104}","{""Region"":""surco""}"
frame_20291.jpg,104304,{},3,2,"{""name"":""rect"",""x"":421,""y"":76,""width"":223,""height"":67}","{""Region"":""segmento4""}"
frame_20352.jpg,121649,{},3,0,"{""name"":""rect"",""x"":335,""y"":0,""width"":303,""height"":198}","{""Region"":""vesicula""}"
frame_20352.jpg,121649,{},3,1,"{""name"":""rect"",""x"":382,""y"":181,""width"":127,""height"":171}","{""Region"":""surco""}"
frame_20352.jpg,121649,{},3,2,"{""name"":""rect"",""x"":642,""y"":100,""width"":60,""height"":114}","{""Region"":""segmento4""}"
frame_20357.jpg,128882,{},3,0,"{""name"":""rect"",""x"":374,""y"":14,""width"":270,""height"":188}","{""Region"":""vesicula""}"
frame_20357.jpg,128882,{},3,1,"{""name"":""rect"",""x"":407,""y"":180,""width"":81,""height"":158}","{""Region"":""surco""}"
frame_20357.jpg,128882,{},3,2,"{""name"":""rect"",""x"":658,""y"":111,""width"":72,""height"":101}","{""Region"":""segmento4""}"
frame_20369.jpg,108118,{},3,0,"{""name"":""rect"",""x"":189,""y"":66,""width"":401,""height"":252}","{""Region"":""vesicula""}"
frame_20369.jpg,108118,{},3,1,"{""name"":""rect"",""x"":363,""y"":321,""width"":167,""height"":113}","{""Region"":""surco""}"
frame_20369.jpg,108118,{},3,2,"{""name"":""rect"",""x"":614,""y"":173,""width"":114,""height"":172}","{""Region"":""segmento4""}"
frame_20375.jpg,113935,{},3,0,"{""name"":""rect"",""x"":273,""y"":29,""width"":313,""height"":275}","{""Region"":""vesicula""}"
frame_20375.jpg,113935,{},3,1,"{""name"":""rect"",""x"":410,""y"":300,""width"":111,""height"":130}","{""Region"":""surco""}"
frame_20375.jpg,113935,{},3,2,"{""name"":""rect"",""x"":648,""y"":190,""width"":83,""height"":114}","{""Region"":""segmento4""}"
frame_20390.jpg,113774,{},3,0,"{""name"":""rect"",""x"":250,""y"":9,""width"":368,""height"":246}","{""Region"":""vesicula""}"
frame_20390.jpg,113774,{},3,1,"{""name"":""rect"",""x"":386,""y"":257,""width"":134,""height"":145}","{""Region"":""surco""}"
frame_20390.jpg,113774,{},3,2,"{""name"":""rect"",""x"":652,""y"":142,""width"":66,""height"":127}","{""Region"":""segmento4""}"
frame_20410.jpg,103097,{},3,0,"{""name"":""rect"",""x"":238,""y"":26,""width"":229,""height"":308}","{""Region"":""vesicula""}"
frame_20410.jpg,103097,{},3,1,"{""name"":""rect"",""x"":321,""y"":336,""width"":113,""height"":97}","{""Region"":""surco""}"
frame_20410.jpg,103097,{},3,2,"{""name"":""rect"",""x"":478,""y"":147,""width"":136,""height"":192}","{""Region"":""segmento4""}"
frame_20426.jpg,97398,{},3,0,"{""name"":""rect"",""x"":198,""y"":24,""width"":229,""height"":339}","{""Region"":""vesicula""}"
frame_20426.jpg,97398,{},3,1,"{""name"":""rect"",""x"":341,""y"":376,""width"":109,""height"":92}","{""Region"":""surco""}"
frame_20426.jpg,97398,{},3,2,"{""name"":""rect"",""x"":447,""y"":158,""width"":139,""height"":184}","{""Region"":""segmento4""}"
frame_20427.jpg,97941,{},3,0,"{""name"":""rect"",""x"":246,""y"":93,""width"":165,""height"":248}","{""Region"":""vesicula""}"
frame_20427.jpg,97941,{},3,1,"{""name"":""rect"",""x"":328,""y"":365,""width"":114,""height"":94}","{""Region"":""surco""}"
frame_20427.jpg,97941,{},3,2,"{""name"":""rect"",""x"":464,""y"":196,""width"":123,""height"":164}","{""Region"":""segmento4""}"
frame_20430.jpg,96435,{},3,0,"{""name"":""rect"",""x"":221,""y"":27,""width"":217,""height"":353}","{""Region"":""vesicula""}"
frame_20430.jpg,96435,{},3,1,"{""name"":""rect"",""x"":319,""y"":384,""width"":159,""height"":82}","{""Region"":""surco""}"
frame_20430.jpg,96435,{},3,2,"{""name"":""rect"",""x"":474,""y"":186,""width"":124,""height"":178}","{""Region"":""segmento4""}"
frame_20489.jpg,108700,{},3,0,"{""name"":""rect"",""x"":222,""y"":44,""width"":266,""height"":248}","{""Region"":""vesicula""}"
frame_20489.jpg,108700,{},3,1,"{""name"":""rect"",""x"":357,""y"":313,""width"":130,""height"":84}","{""Region"":""surco""}"
frame_20489.jpg,108700,{},3,2,"{""name"":""rect"",""x"":514,""y"":200,""width"":209,""height"":132}","{""Region"":""segmento4""}"
frame_20501.jpg,105800,{},3,0,"{""name"":""rect"",""x"":228,""y"":21,""width"":231,""height"":321}","{""Region"":""vesicula""}"
frame_20501.jpg,105800,{},3,1,"{""name"":""rect"",""x"":322,""y"":340,""width"":124,""height"":73}","{""Region"":""surco""}"
frame_20501.jpg,105800,{},3,2,"{""name"":""rect"",""x"":490,""y"":254,""width"":207,""height"":90}","{""Region"":""segmento4""}"
frame_20511.jpg,104604,{},3,0,"{""name"":""rect"",""x"":177,""y"":26,""width"":281,""height"":327}","{""Region"":""vesicula""}"
frame_20511.jpg,104604,{},3,1,"{""name"":""rect"",""x"":336,""y"":366,""width"":125,""height"":61}","{""Region"":""surco""}"
frame_20511.jpg,104604,{},3,2,"{""name"":""rect"",""x"":491,""y"":276,""width"":191,""height"":81}","{""Region"":""segmento4""}"
frame_21482.jpg,120400,{},3,0,"{""name"":""rect"",""x"":190,""y"":51,""width"":218,""height"":245}","{""Region"":""vesicula""}"
frame_21482.jpg,120400,{},3,1,"{""name"":""rect"",""x"":366,""y"":326,""width"":88,""height"":90}","{""Region"":""surco""}"
frame_21482.jpg,120400,{},3,2,"{""name"":""rect"",""x"":429,""y"":144,""width"":165,""height"":147}","{""Region"":""segmento4""}"
frame_21490.jpg,120425,{},3,0,"{""name"":""rect"",""x"":169,""y"":38,""width"":233,""height"":284}","{""Region"":""vesicula""}"
frame_21490.jpg,120425,{},3,1,"{""name"":""rect"",""x"":363,""y"":336,""width"":116,""height"":74}","{""Region"":""surco""}"
frame_21490.jpg,120425,{},3,2,"{""name"":""rect"",""x"":436,""y"":200,""width"":194,""height"":96}","{""Region"":""segmento4""}"
frame_21761.jpg,118246,{},3,0,"{""name"":""rect"",""x"":221,""y"":26,""width"":219,""height"":290}","{""Region"":""vesicula""}"
frame_21761.jpg,118246,{},3,1,"{""name"":""rect"",""x"":385,""y"":343,""width"":100,""height"":57}","{""Region"":""surco""}"
frame_21761.jpg,118246,{},3,2,"{""name"":""rect"",""x"":466,""y"":186,""width"":208,""height"":126}","{""Region"":""segmento4""}"
frame_21776.jpg,116181,{},3,0,"{""name"":""rect"",""x"":175,""y"":52,""width"":299,""height"":268}","{""Region"":""vesicula""}"
frame_21776.jpg,116181,{},3,1,"{""name"":""rect"",""x"":346,""y"":360,""width"":141,""height"":50}","{""Region"":""surco""}"
frame_21776.jpg,116181,{},3,2,"{""name"":""rect"",""x"":488,""y"":201,""width"":182,""height"":106}","{""Region"":""segmento4""}"
frame_21789.jpg,117499,{},3,0,"{""name"":""rect"",""x"":182,""y"":57,""width"":232,""height"":281}","{""Region"":""vesicula""}"
frame_21789.jpg,117499,{},3,1,"{""name"":""rect"",""x"":378,""y"":344,""width"":114,""height"":64}","{""Region"":""surco""}"
frame_21789.jpg,117499,{},3,2,"{""name"":""rect"",""x"":452,""y"":172,""width"":217,""height"":124}","{""Region"":""segmento4""}"
frame_21840.jpg,117156,{},3,0,"{""name"":""rect"",""x"":167,""y"":52,""width"":226,""height"":302}","{""Region"":""vesicula""}"
frame_21840.jpg,117156,{},3,1,"{""name"":""rect"",""x"":350,""y"":379,""width"":105,""height"":61}","{""Region"":""surco""}"
frame_21840.jpg,117156,{},3,2,"{""name"":""rect"",""x"":420,""y"":237,""width"":233,""height"":86}","{""Region"":""segmento4""}"
frame_24153.jpg,124880,{},3,0,"{""name"":""rect"",""x"":117,""y"":107,""width"":381,""height"":242}","{""Region"":""vesicula""}"
frame_24153.jpg,124880,{},3,1,"{""name"":""rect"",""x"":379,""y"":355,""width"":118,""height"":73}","{""Region"":""surco""}"
frame_24153.jpg,124880,{},3,2,"{""name"":""rect"",""x"":455,""y"":191,""width"":271,""height"":116}","{""Region"":""segmento4""}"
frame_24231.jpg,116043,{},3,0,"{""name"":""rect"",""x"":111,""y"":102,""width"":349,""height"":238}","{""Region"":""vesicula""}"
frame_24231.jpg,116043,{},3,1,"{""name"":""rect"",""x"":386,""y"":368,""width"":128,""height"":77}","{""Region"":""surco""}"
frame_24231.jpg,116043,{},3,2,"{""name"":""rect"",""x"":440,""y"":211,""width"":283,""height"":106}","{""Region"":""segmento4""}"
frame_24239.jpg,116694,{},3,0,"{""name"":""rect"",""x"":106,""y"":135,""width"":386,""height"":213}","{""Region"":""vesicula""}"
frame_24239.jpg,116694,{},3,1,"{""name"":""rect"",""x"":366,""y"":367,""width"":134,""height"":73}","{""Region"":""surco""}"
frame_24239.jpg,116694,{},3,2,"{""name"":""rect"",""x"":472,""y"":208,""width"":245,""height"":108}","{""Region"":""segmento4""}"
frame_24248.jpg,117474,{},3,0,"{""name"":""rect"",""x"":115,""y"":126,""width"":335,""height"":218}","{""Region"":""vesicula""}"
frame_24248.jpg,117474,{},3,1,"{""name"":""rect"",""x"":386,""y"":384,""width"":104,""height"":58}","{""Region"":""surco""}"
frame_24248.jpg,117474,{},3,2,"{""name"":""rect"",""x"":496,""y"":233,""width"":244,""height"":98}","{""Region"":""segmento4""}"
frame_24348.jpg,110247,{},3,0,"{""name"":""rect"",""x"":128,""y"":79,""width"":352,""height"":324}","{""Region"":""vesicula""}"
frame_24348.jpg,110247,{},3,1,"{""name"":""rect"",""x"":410,""y"":412,""width"":118,""height"":67}","{""Region"":""surco""}"
frame_24348.jpg,110247,{},3,2,"{""name"":""rect"",""x"":469,""y"":250,""width"":289,""height"":113}","{""Region"":""segmento4""}"
frame_24361.jpg,106592,{},3,0,"{""name"":""rect"",""x"":112,""y"":118,""width"":358,""height"":265}","{""Region"":""vesicula""}"
frame_24361.jpg,106592,{},3,1,"{""name"":""rect"",""x"":407,""y"":404,""width"":139,""height"":69}","{""Region"":""surco""}"
frame_24361.jpg,106592,{},3,2,"{""name"":""rect"",""x"":461,""y"":236,""width"":281,""height"":123}","{""Region"":""segmento4""}"
frame_24462.jpg,121924,{},3,0,"{""name"":""rect"",""x"":119,""y"":126,""width"":346,""height"":262}","{""Region"":""vesicula""}"
frame_24462.jpg,121924,{},3,1,"{""name"":""rect"",""x"":375,""y"":402,""width"":134,""height"":61}","{""Region"":""surco""}"
frame_24462.jpg,121924,{},3,2,"{""name"":""rect"",""x"":471,""y"":228,""width"":251,""height"":128}","{""Region"":""segmento4""}"
